Time,GeneExpression,Group
1,11.32362046,Group A
1,12.04793041,Group A
2,15.73709206,Group A
2,16.97958557,Group A
3,11.0434646,Group A
3,16.17892197,Group A
4,10.08076217,Group A
4,22.68748861,Group A
5,13.39285144,Group A
5,14.76160506,Group A
6,18.55434509,Group B
6,17.5171316,Group B
7,15.81771931,Group B
7,15.80805417,Group B
8,19.98118816,Group B
8,19.27215331,Group B
9,16.63191624,Group B
9,18.13776796,Group B
10,17.36693672,Group B
10,19.78278826,Group B
